,Cities,Lat,Lng,Max Temp,Humidity,Cloudiness,Windspeed,Country,Date
0,trelew,-43.25,-65.31,57.02000000000004,34.0,48.0,6.51,AR,1603856224.0
1,talnakh,69.49,88.4,-3.208000000000027,80.0,0.0,2.44,RU,1603856224.0
3,grindavik,63.84,-22.43,40.99999999999994,52.0,0.0,12.3,IS,1603856224.0
4,port elizabeth,-33.92,25.57,60.80000000000001,87.0,0.0,2.6,ZA,1603856224.0
5,vila franca do campo,37.72,-25.43,62.599999999999966,63.0,75.0,2.6,PT,1603856224.0
6,castro,-24.79,-50.01,56.660000000000025,74.0,0.0,1.99,BR,1603856225.0
7,srednekolymsk,67.45,153.68,14.089999999999918,92.0,86.0,4.41,RU,1603856225.0
8,kapaa,22.08,-159.32,78.80000000000001,78.0,40.0,5.1,US,1603856225.0
9,berdigestyakh,62.1,126.7,10.651999999999987,90.0,100.0,2.0,RU,1603856225.0
10,saskylakh,71.92,114.08,6.979999999999961,93.0,100.0,6.38,RU,1603856225.0
11,sorkjosen,69.8,20.93,36.66199999999998,78.0,81.0,2.5,NO,1603856137.0
12,punta arenas,-53.15,-70.92,40.99999999999994,80.0,40.0,9.8,CL,1603856117.0
13,airai,-8.93,125.41,74.82199999999995,69.0,62.0,1.56,TL,1603856226.0
14,saint george,37.1,-113.58,55.39999999999992,15.0,1.0,10.8,US,1603856108.0
15,ushuaia,-54.8,-68.3,44.599999999999966,48.0,40.0,5.7,AR,1603856226.0
16,kakonko,-3.28,30.96,64.70599999999996,90.0,100.0,0.89,TZ,1603856226.0
17,east london,-33.02,27.91,66.18199999999996,75.0,66.0,5.36,ZA,1603856227.0
18,victoria,22.29,114.16,80.00600000000003,67.0,100.0,4.92,HK,1603855962.0
19,atuona,-9.8,-139.03,78.78199999999998,73.0,1.0,8.45,PF,1603856227.0
20,bredasdorp,-34.53,20.04,58.99999999999994,87.0,100.0,1.5,ZA,1603856227.0
21,katsuura,35.13,140.3,69.00799999999998,68.0,75.0,1.5,JP,1603856227.0
22,qaanaaq,77.48,-69.36,13.495999999999981,82.0,96.0,5.43,GL,1603856227.0
23,rikitea,-23.12,-134.97,75.416,84.0,100.0,6.93,PF,1603856227.0
24,kharp,66.8,65.81,5.648000000000025,93.0,99.0,1.37,RU,1603856228.0
25,busselton,-33.65,115.33,75.99200000000002,32.0,14.0,3.5,AU,1603856228.0
26,nikolskoye,59.7,30.79,51.99799999999999,87.0,90.0,5.0,RU,1603856228.0
29,tasiilaq,65.61,-37.64,33.799999999999955,34.0,100.0,4.1,GL,1603856228.0
30,kauhajoki,62.43,22.18,46.00399999999996,100.0,0.0,3.1,FI,1603856229.0
31,hobart,-42.88,147.33,62.00600000000003,82.0,75.0,7.2,AU,1603856229.0
32,beringovskiy,63.05,179.32,27.283999999999878,93.0,67.0,5.8,RU,1603856229.0
34,yellowknife,62.46,-114.35,13.999999999999943,72.0,40.0,2.6,CA,1603856229.0
36,port lincoln,-34.73,135.87,66.2899999999999,56.0,0.0,2.99,AU,1603856230.0
38,alghero,40.56,8.32,51.00799999999998,93.0,20.0,1.0,IT,1603856230.0
39,koslan,63.46,48.9,38.12000000000006,96.0,100.0,3.85,RU,1603856230.0
40,cidreira,-30.18,-50.21,62.14999999999992,85.0,100.0,5.86,BR,1603856230.0
43,taltal,-25.4,-70.48,55.68799999999993,77.0,10.0,1.32,CL,1603856231.0
44,barranca,-10.75,-77.77,62.23999999999995,90.0,100.0,3.15,PE,1603856231.0
45,hamilton,39.18,-84.53,49.99999999999994,87.0,90.0,3.6,US,1603856231.0
46,saint-augustin,51.23,-58.65,29.749999999999943,91.0,14.0,3.09,CA,1603856231.0
47,pangai,-19.8,-174.35,78.80000000000001,65.0,75.0,9.3,TO,1603856231.0
48,ahipara,-35.17,173.17,67.964,68.0,35.0,1.22,NZ,1603856232.0
49,laranjeiras do sul,-25.41,-52.42,53.617999999999995,84.0,0.0,0.33,BR,1603856232.0
50,esperance,-33.87,121.9,67.99999999999994,72.0,75.0,8.2,AU,1603856232.0
51,bethel,41.37,-73.41,49.99999999999994,61.0,90.0,1.5,US,1603855943.0
52,kaitangata,-46.28,169.85,51.99799999999999,81.0,58.0,4.02,NZ,1603856232.0
53,dikson,73.51,80.55,3.991999999999962,94.0,97.0,8.33,RU,1603856232.0
54,albany,42.6,-73.97,44.00600000000003,86.0,100.0,0.2,US,1603856233.0
55,shenjiamen,29.96,122.3,67.69400000000002,72.0,13.0,4.99,CN,1603856233.0
57,mahebourg,-20.41,57.7,75.00200000000001,75.0,8.0,1.34,MU,1603856233.0
58,khatanga,71.97,102.5,-5.566000000000031,90.0,28.0,4.19,RU,1603856233.0
59,cape town,-33.93,18.42,64.00399999999996,87.0,75.0,4.6,ZA,1603855543.0
60,tuktoyaktuk,69.45,-133.04,10.399999999999977,92.0,90.0,7.2,CA,1603856234.0
61,vaini,-21.2,-175.2,78.80000000000001,74.0,20.0,4.1,TO,1603856234.0
62,mataura,-46.19,168.86,55.00399999999996,76.0,99.0,5.81,NZ,1603856234.0
63,arlit,18.74,7.39,74.13799999999998,18.0,2.0,4.06,NE,1603856234.0
64,nishihara,26.18,127.76,82.39999999999992,48.0,40.0,6.7,JP,1603856234.0
65,souillac,-20.52,57.52,75.00200000000001,75.0,4.0,1.34,MU,1603856234.0
66,rawson,-43.3,-65.1,56.58800000000002,36.0,36.0,5.84,AR,1603856235.0
67,marsh harbour,26.54,-77.06,81.22999999999996,80.0,69.0,5.81,BS,1603856235.0
68,kavaratti,10.57,72.64,81.98600000000005,74.0,52.0,2.98,IN,1603856235.0
69,hilo,19.73,-155.09,78.80000000000001,78.0,75.0,1.5,US,1603856235.0
70,bluff,-46.6,168.33,55.00399999999996,76.0,72.0,5.81,NZ,1603856235.0
71,puerto ayora,-0.74,-90.35,67.99999999999994,94.0,99.0,0.89,EC,1603856235.0
72,kushmurun,52.45,64.63,22.531999999999925,95.0,89.0,4.87,KZ,1603856236.0
73,port-cartier,50.03,-66.87,22.999999999999943,85.0,20.0,2.1,CA,1603856236.0
74,mar del plata,-38.0,-57.56,55.99399999999997,100.0,0.0,2.6,AR,1603856236.0
75,severo-kurilsk,50.68,156.12,45.15799999999996,78.0,9.0,1.57,RU,1603856236.0
76,broken hill,-31.95,141.43,69.80000000000001,43.0,40.0,6.2,AU,1603856236.0
77,hithadhoo,-0.6,73.08,84.488,66.0,95.0,4.86,MV,1603856236.0
78,port alfred,-33.59,26.89,63.33800000000002,83.0,54.0,5.07,ZA,1603856111.0
79,provideniya,64.38,-173.3,31.999999999999943,96.0,75.0,6.0,RU,1603856237.0
80,necochea,-38.55,-58.74,51.00799999999998,85.0,61.0,1.34,AR,1603856237.0
81,seryshevo,51.09,128.38,35.29400000000004,84.0,97.0,2.75,RU,1603856237.0
82,padang,-0.95,100.35,86.30599999999998,57.0,41.0,1.79,ID,1603856237.0
84,hermanus,-34.42,19.23,58.99999999999994,90.0,99.0,0.45,ZA,1603856237.0
85,lebu,-37.62,-73.65,50.918000000000006,88.0,100.0,5.51,CL,1603856238.0
86,vardo,70.37,31.11,41.629999999999995,87.0,100.0,6.82,NO,1603856238.0
87,meulaboh,4.14,96.13,86.01799999999997,62.0,80.0,0.49,ID,1603856188.0
88,chuy,-33.7,-53.46,62.113999999999976,97.0,100.0,3.79,UY,1603856238.0
89,naze,28.37,129.48,80.59999999999997,61.0,75.0,4.1,JP,1603856096.0
90,kununurra,-15.77,128.73,93.19999999999999,46.0,53.0,2.6,AU,1603856238.0
92,bonfim,3.08,-59.95,80.74399999999997,70.0,8.0,3.0,BR,1603856239.0
93,ipora,-16.44,-51.12,72.96800000000002,87.0,97.0,0.87,BR,1603856111.0
94,senador guiomard,-10.15,-67.74,71.59999999999997,100.0,0.0,2.1,BR,1603856239.0
95,iqaluit,63.75,-68.51,21.19999999999999,62.0,90.0,2.6,CA,1603856086.0
96,upernavik,72.79,-56.15,15.170000000000016,78.0,0.0,2.6,GL,1603856239.0
98,lompoc,34.64,-120.46,55.39999999999992,82.0,1.0,1.5,US,1603856240.0
99,vieques,18.43,-65.83,80.59999999999997,78.0,20.0,3.1,PR,1603856240.0
100,jamestown,42.1,-79.24,40.99999999999994,100.0,90.0,2.2,US,1603856240.0
102,kruisfontein,-34.0,24.73,55.99399999999997,96.0,45.0,0.45,ZA,1603856240.0
103,vila velha,-20.33,-40.29,76.99999999999994,88.0,75.0,3.6,BR,1603856217.0
104,nuuk,64.18,-51.72,22.999999999999943,79.0,10.0,5.1,GL,1603856148.0
106,darnah,32.77,22.64,71.31199999999995,52.0,50.0,7.71,LY,1603856241.0
107,eha amufu,6.66,7.76,73.50799999999998,90.0,100.0,1.0,NG,1603856241.0
108,aswan,24.09,32.91,74.30000000000001,46.0,0.0,3.68,EG,1603856241.0
109,lavrentiya,65.58,-171.0,27.391999999999996,90.0,29.0,3.65,RU,1603856241.0
110,novopavlovsk,43.96,43.63,51.00799999999998,87.0,90.0,1.0,RU,1603856242.0
111,ishurdi,24.13,89.08,82.99399999999997,58.0,0.0,4.16,BD,1603856242.0
112,chokurdakh,70.63,147.92,11.786000000000001,97.0,100.0,2.68,RU,1603856242.0
113,barrow,71.29,-156.79,28.399999999999977,79.0,75.0,12.9,US,1603855960.0
114,scottsbluff,41.87,-103.67,26.00600000000003,79.0,1.0,4.6,US,1603856242.0
115,georgetown,5.41,100.34,87.80000000000001,74.0,20.0,2.6,MY,1603856242.0
116,clyde river,70.47,-68.59,13.999999999999943,61.0,1.0,3.1,CA,1603856243.0
117,itambacuri,-18.03,-41.69,71.54599999999999,90.0,25.0,1.61,BR,1603856243.0
118,ilulissat,69.22,-51.1,10.399999999999977,72.0,73.0,2.1,GL,1603856243.0
119,vestmanna,62.16,-7.17,46.39999999999998,81.0,100.0,6.2,FO,1603856243.0
120,great falls,47.5,-111.3,42.799999999999955,60.0,1.0,8.2,US,1603856131.0
121,axim,4.87,-2.24,77.88199999999989,87.0,76.0,3.13,GH,1603856243.0
122,falmouth,50.15,-5.07,51.799999999999955,81.0,63.0,11.8,GB,1603856243.0
123,pevek,69.7,170.31,21.037999999999954,95.0,100.0,3.98,RU,1603856244.0
125,klaksvik,62.23,-6.59,46.39999999999998,81.0,99.0,6.2,FO,1603856244.0
126,chimbote,-9.09,-78.58,62.383999999999844,89.0,99.0,2.83,PE,1603856244.0
127,berlevag,70.86,29.09,37.95799999999997,78.0,100.0,6.61,NO,1603856244.0
128,itoman,26.12,127.67,82.39999999999992,57.0,40.0,5.1,JP,1603856245.0
129,shenzhen,22.55,114.07,80.59999999999997,61.0,0.0,5.0,CN,1603855744.0
130,hovd,48.01,91.64,41.84599999999995,53.0,8.0,1.01,MN,1603855958.0
131,tupiza,-21.45,-65.72,60.349999999999966,40.0,0.0,1.01,BO,1603856245.0
132,ndele,8.41,20.65,70.286,79.0,0.0,1.16,CF,1603856246.0
133,faanui,-16.48,-151.75,79.75399999999996,81.0,100.0,8.1,PF,1603856246.0
134,tiksi,71.69,128.87,-2.812000000000012,90.0,1.0,6.16,RU,1603856246.0
135,taoudenni,22.68,-3.98,74.46199999999993,21.0,0.0,0.88,ML,1603856246.0
137,yerbogachen,61.28,108.01,21.8839999999999,92.0,93.0,2.95,RU,1603856246.0
138,aksarka,66.56,67.8,4.081999999999937,92.0,81.0,2.97,RU,1603856246.0
139,labytnangi,66.66,66.42,5.97199999999998,94.0,97.0,1.36,RU,1603856195.0
140,kieta,-6.22,155.63,83.55199999999996,74.0,36.0,0.46,PG,1603856247.0
142,isangel,-19.55,169.27,78.62000000000006,69.0,13.0,7.59,VU,1603856247.0
143,ribeira grande,38.52,-28.7,62.87000000000006,61.0,100.0,2.08,PT,1603856247.0
144,hambantota,6.12,81.12,83.82199999999995,69.0,94.0,2.54,LK,1603856247.0
145,bengkulu,-3.8,102.27,83.82199999999995,65.0,77.0,2.39,ID,1603856248.0
146,sheridan,44.83,-106.92,37.99400000000003,74.0,1.0,2.6,US,1603856248.0
147,suleja,9.18,7.18,75.19999999999999,88.0,0.0,1.5,NG,1603856248.0
148,dunedin,-45.87,170.5,53.995999999999924,71.0,65.0,9.39,NZ,1603855698.0
149,norman wells,65.28,-126.83,1.3999999999999773,91.0,75.0,0.69,CA,1603856248.0
150,prince rupert,54.32,-130.32,44.599999999999966,100.0,90.0,0.58,CA,1603856248.0
151,rafina,38.02,24.01,62.00600000000003,93.0,20.0,1.0,GR,1603856249.0
152,la ronge,55.1,-105.28,28.399999999999977,92.0,90.0,4.1,CA,1603856185.0
153,huarmey,-10.07,-78.15,63.24799999999999,87.0,89.0,3.22,PE,1603856249.0
155,nome,64.5,-165.41,33.799999999999955,86.0,90.0,2.6,US,1603856249.0
157,oranjemund,-28.55,16.43,54.75200000000001,91.0,5.0,1.82,NA,1603856249.0
158,new norfolk,-42.78,147.06,62.00600000000003,54.0,91.0,0.45,AU,1603856250.0
159,burnie,-41.07,145.92,60.99799999999999,54.0,79.0,2.68,AU,1603856250.0
160,armidale,-30.52,151.65,53.995999999999924,83.0,89.0,1.79,AU,1603855988.0
161,touros,-5.2,-35.46,76.99999999999994,83.0,20.0,2.1,BR,1603856069.0
162,lufilufi,-13.87,-171.6,84.19999999999999,83.0,75.0,6.2,WS,1603856194.0
163,bilibino,68.05,166.44,5.521999999999991,90.0,100.0,0.69,RU,1603856250.0
164,rundu,-17.93,19.77,66.70400000000001,31.0,13.0,2.38,NA,1603856251.0
165,thompson,55.74,-97.86,17.599999999999966,78.0,75.0,2.6,CA,1603856251.0
166,poum,-20.23,164.02,77.34199999999993,73.0,100.0,4.26,NC,1603856251.0
167,adrar,20.5,-10.07,78.53000000000003,21.0,0.0,4.4,MR,1603856251.0
168,werda,-25.27,23.28,75.90199999999999,29.0,0.0,6.22,BW,1603856251.0
169,coquimbo,-29.95,-71.34,53.599999999999966,87.0,0.0,4.1,CL,1603856251.0
171,salair,54.23,85.8,34.35799999999995,82.0,72.0,10.15,RU,1603856252.0
172,rovaniemi,66.5,25.72,40.99999999999994,100.0,90.0,3.1,FI,1603856146.0
173,riyadh,24.69,46.72,58.99999999999994,41.0,0.0,0.68,SA,1603856000.0
174,birin,26.89,88.07,68.23399999999987,61.0,0.0,1.59,NP,1603856252.0
176,saint-philippe,-21.36,55.77,76.99999999999994,53.0,0.0,1.5,RE,1603856252.0
177,arica,-18.48,-70.3,56.30000000000001,86.0,12.0,0.94,CL,1603856253.0
178,aleksandrov gay,50.15,48.57,31.783999999999878,91.0,0.0,2.82,RU,1603856253.0
179,caravelas,-17.71,-39.25,76.65799999999996,92.0,94.0,4.1,BR,1603856253.0
180,enshi,30.3,109.48,57.05599999999998,83.0,100.0,0.69,CN,1603856253.0
181,derzhavinsk,51.1,66.32,26.87000000000006,95.0,99.0,6.38,KZ,1603856253.0
182,monte alegre,-2.01,-54.07,79.93399999999991,66.0,31.0,1.39,BR,1603856253.0
183,quelimane,-17.88,36.89,71.59999999999997,94.0,20.0,1.67,MZ,1603856254.0
184,port hedland,-20.32,118.57,84.19999999999999,58.0,24.0,5.7,AU,1603856254.0
185,kushiro,42.98,144.37,55.39999999999992,71.0,40.0,4.1,JP,1603856254.0
186,bonavista,48.65,-53.11,37.00399999999996,83.0,100.0,0.45,CA,1603856254.0
187,husavik,66.04,-17.34,37.39999999999998,74.0,90.0,2.1,IS,1603856254.0
188,flin flon,54.77,-101.86,24.9260000000001,96.0,100.0,3.55,CA,1603856255.0
189,henties bay,-22.12,14.28,57.99200000000002,89.0,95.0,4.15,NA,1603856255.0
190,makarov,48.63,142.8,44.77999999999997,78.0,100.0,1.84,RU,1603856255.0
191,lillooet,50.69,-121.94,51.799999999999955,66.0,90.0,7.2,CA,1603856255.0
192,sitka,57.05,-135.33,44.599999999999966,87.0,75.0,2.6,US,1603855985.0
193,turkistan,43.0,68.0,37.93999999999994,65.0,50.0,4.36,KZ,1603856255.0
194,scarborough,54.28,-0.4,44.00600000000003,87.0,58.0,1.34,GB,1603856256.0
195,san patricio,28.02,-97.52,55.39999999999992,81.0,90.0,6.7,US,1603856137.0
197,kazachinskoye,57.7,93.28,37.83199999999994,87.0,100.0,1.8,RU,1603856257.0
198,harper,4.38,-7.72,77.34199999999993,86.0,85.0,1.89,LR,1603856257.0
201,bac lieu,9.29,105.72,85.72999999999996,72.0,100.0,7.99,VN,1603856258.0
202,longyearbyen,78.22,15.64,30.19999999999999,86.0,75.0,2.6,SJ,1603856258.0
204,sinnamary,5.38,-52.95,79.37600000000003,84.0,20.0,4.29,GF,1603856258.0
205,worthington,40.09,-83.02,46.99400000000003,100.0,90.0,1.4,US,1603856258.0
206,palauig,15.44,119.9,84.2899999999999,75.0,97.0,2.84,PH,1603856258.0
207,guerrero negro,27.98,-114.06,62.49200000000002,37.0,0.0,6.13,MX,1603856259.0
208,alofi,-19.06,-169.92,76.99999999999994,69.0,75.0,9.8,NU,1603856259.0
209,tocache,-8.18,-76.51,71.92399999999992,89.0,100.0,0.81,PE,1603856259.0
210,coro,11.4,-69.67,78.85399999999998,82.0,10.0,4.81,VE,1603856259.0
211,port shepstone,-30.74,30.45,71.11399999999998,75.0,54.0,4.47,ZA,1603856259.0
212,conde,-7.26,-34.91,76.99999999999994,88.0,40.0,2.1,BR,1603856260.0
213,petropavlovsk-kamchatskiy,53.05,158.65,48.19999999999999,61.0,20.0,2.0,RU,1603856260.0
214,bambous virieux,-20.34,57.76,75.00200000000001,75.0,14.0,1.34,MU,1603856260.0
215,bolshaya dzhalga,45.97,42.7,49.406000000000006,77.0,68.0,6.86,RU,1603856260.0
216,pingliang,35.54,106.69,46.976000000000056,61.0,83.0,1.98,CN,1603856260.0
217,bourges,47.25,2.42,53.599999999999966,93.0,90.0,5.1,FR,1603856260.0
219,neuquen,-38.95,-68.06,55.39999999999992,37.0,0.0,1.5,AR,1603856261.0
220,osijek,45.55,18.69,49.99999999999994,100.0,0.0,2.6,HR,1603856261.0
221,matara,5.95,80.54,85.262,66.0,83.0,2.62,LK,1603856261.0
222,margate,51.38,1.39,51.00799999999998,83.0,83.0,0.89,GB,1603856261.0
223,araouane,18.9,-3.53,83.4260000000001,15.0,0.0,3.38,ML,1603856261.0
224,antsohihy,-14.88,47.99,80.906,63.0,0.0,0.87,MG,1603856261.0
225,cabo san lucas,22.89,-109.91,73.39999999999992,69.0,40.0,2.6,MX,1603856262.0
227,orocue,4.79,-71.34,77.39600000000002,86.0,100.0,3.19,CO,1603856262.0
229,acapulco,16.86,-99.89,80.59999999999997,88.0,75.0,2.11,MX,1603856124.0
230,quatre cocos,-20.21,57.76,75.00200000000001,75.0,17.0,1.34,MU,1603856167.0
231,tautira,-17.73,-149.15,82.39999999999992,74.0,75.0,6.2,PF,1603856263.0
232,cayenne,4.93,-52.33,76.99999999999994,100.0,20.0,4.23,GF,1603856263.0
233,lazaro cardenas,17.96,-102.2,79.5739999999999,87.0,12.0,2.97,MX,1603856263.0
234,nouakchott,18.09,-15.98,82.39999999999992,15.0,67.0,4.6,MR,1603855977.0
235,cherskiy,68.75,161.3,14.305999999999983,92.0,100.0,3.94,RU,1603856263.0
236,sabha,27.04,14.43,62.06,32.0,0.0,2.11,LY,1603856263.0
237,avarua,-21.21,-159.78,71.59999999999997,88.0,100.0,4.1,CK,1603856264.0
238,yumen,40.28,97.2,51.11599999999993,41.0,23.0,3.57,CN,1603856264.0
239,carnarvon,-24.87,113.63,75.19999999999999,64.0,0.0,10.8,AU,1603856264.0
240,ambon,-3.7,128.18,84.45200000000006,71.0,41.0,4.66,ID,1603856264.0
241,lagoa,39.05,-27.98,62.16799999999995,64.0,100.0,2.39,PT,1603856264.0
242,san cristobal,7.77,-72.22,66.344,92.0,56.0,0.95,VE,1603856264.0
243,pingyi,35.5,117.63,58.29800000000006,45.0,100.0,2.13,CN,1603856265.0
244,san quintin,30.48,-115.95,60.853999999999985,54.0,0.0,0.53,MX,1603856265.0
245,shahreza,32.03,51.88,51.62000000000006,40.0,0.0,0.5,IR,1603856265.0
246,shimoda,34.67,138.95,67.99999999999994,72.0,75.0,4.1,JP,1603856265.0
247,san juan,-31.54,-68.54,67.37000000000006,26.0,44.0,3.1,AR,1603856164.0
248,balozi,56.88,24.12,44.599999999999966,100.0,75.0,3.6,LV,1603856265.0
249,selje,62.05,5.35,46.99400000000003,81.0,68.0,4.86,NO,1603856266.0
250,fortuna,40.6,-124.16,48.19999999999999,87.0,1.0,3.1,US,1603856266.0
252,warrnambool,-38.38,142.48,64.99399999999997,70.0,42.0,2.23,AU,1603856266.0
253,coffs harbour,-30.3,153.13,67.99999999999994,82.0,90.0,4.1,AU,1603856266.0
254,masuda,34.67,131.85,64.39999999999992,72.0,0.0,2.6,JP,1603856266.0
255,natal,-5.79,-35.21,78.80000000000001,83.0,75.0,2.1,BR,1603856267.0
256,road town,18.42,-64.62,80.99599999999992,89.0,4.0,6.26,VG,1603856267.0
257,torbay,47.67,-52.73,39.00200000000001,100.0,90.0,3.6,CA,1603856267.0
258,half moon bay,37.46,-122.43,64.39999999999992,34.0,5.0,1.22,US,1603856038.0
259,north myrtle beach,33.82,-78.68,67.99999999999994,100.0,1.0,1.81,US,1603856267.0
260,imbituba,-28.24,-48.67,67.99999999999994,94.0,40.0,0.17,BR,1603856267.0
263,hami,42.8,93.45,56.91199999999998,30.0,0.0,3.48,CN,1603856268.0
264,otjimbingwe,-22.35,16.13,73.99399999999997,20.0,92.0,1.65,NA,1603856268.0
265,melilla,35.29,-2.94,53.599999999999966,54.0,0.0,0.5,ES,1603856268.0
266,zunyi,27.69,106.91,55.54400000000004,81.0,100.0,2.16,CN,1603856268.0
267,butaritari,3.07,172.79,81.35600000000005,65.0,12.0,1.77,KI,1603856268.0
268,bardiyah,31.76,25.09,69.53000000000003,63.0,0.0,7.6,LY,1603856269.0
269,storforshei,66.4,14.52,33.00799999999998,99.0,81.0,1.22,NO,1603856269.0
270,buraydah,26.33,43.98,57.19999999999999,28.0,0.0,1.62,SA,1603856269.0
271,loei,17.42,101.5,80.00600000000003,92.0,100.0,1.32,TH,1603856269.0
272,nanortalik,60.14,-45.24,30.57800000000003,90.0,100.0,2.1,GL,1603856269.0
273,merauke,-8.47,140.33,86.14400000000006,60.0,85.0,1.72,ID,1603856269.0
274,fairbanks,64.84,-147.72,28.399999999999977,92.0,90.0,2.1,US,1603856214.0
275,surab,28.49,66.26,61.12399999999997,25.0,0.0,3.96,PK,1603856270.0
276,sao filipe,14.9,-24.5,81.37399999999997,69.0,90.0,1.69,CV,1603856270.0
277,chapais,49.78,-74.85,22.999999999999943,73.0,90.0,3.6,CA,1603856176.0
278,innisfail,-17.53,146.03,84.00200000000001,43.0,33.0,1.34,AU,1603856270.0
279,rayachoti,14.05,78.75,79.916,62.0,65.0,2.0,IN,1603856270.0
280,tiarei,-17.53,-149.33,82.39999999999992,74.0,75.0,6.2,PF,1603856270.0
281,rorvik,64.86,11.24,44.798,76.0,20.0,5.16,NO,1603856271.0
282,shumikha,55.23,63.3,20.317999999999984,96.0,48.0,3.92,RU,1603856271.0
283,waddan,29.16,16.14,60.33199999999994,93.0,3.0,3.13,LY,1603856271.0
284,dilla,6.41,38.31,60.72800000000001,79.0,13.0,1.53,ET,1603856271.0
285,kerman,30.28,57.08,35.599999999999966,31.0,0.0,2.1,IR,1603856271.0
286,hasaki,35.73,140.83,67.99999999999994,60.0,75.0,0.5,JP,1603856272.0
287,fonte boa,-2.5,-66.27,75.05599999999998,89.0,96.0,1.05,BR,1603856272.0
288,bitung,1.45,125.18,86.41400000000004,61.0,95.0,2.39,ID,1603856272.0
289,lorengau,-2.02,147.27,85.82,65.0,62.0,0.75,PG,1603856272.0
290,novyy urengoy,66.08,76.63,-1.3360000000000127,89.0,0.0,4.1,RU,1603856272.0
291,punta alta,-38.88,-62.07,54.62600000000003,67.0,9.0,4.42,AR,1603856178.0
292,arraial do cabo,-22.97,-42.03,72.66199999999998,92.0,20.0,8.84,BR,1603856273.0
293,yerofey pavlovich,53.97,121.97,26.311999999999955,84.0,97.0,1.81,RU,1603856273.0
295,swanton,41.59,-83.89,42.799999999999955,87.0,90.0,1.5,US,1603856273.0
296,leningradskiy,69.38,178.42,18.1760000000001,90.0,0.0,7.15,RU,1603856273.0
297,tiznit,29.58,-9.5,61.12399999999997,54.0,72.0,0.41,MA,1603856273.0
298,prieska,-29.66,22.75,67.55000000000001,24.0,34.0,1.25,ZA,1603856274.0
299,kelcyre,40.31,20.19,51.99799999999999,89.0,100.0,1.72,AL,1603856274.0
300,lleida,41.62,0.62,48.19999999999999,81.0,0.0,1.0,ES,1603856274.0
301,san vicente,-26.62,-54.13,55.54400000000004,77.0,0.0,0.34,AR,1603856274.0
302,udachnyy,66.42,112.4,-7.689999999999998,89.0,94.0,1.23,RU,1603856274.0
303,rustenburg,-25.67,27.24,69.512,46.0,0.0,2.06,ZA,1603856274.0
304,gazojak,41.19,61.4,39.091999999999985,70.0,0.0,3.77,TM,1603856275.0
306,mount isa,-20.73,139.5,85.99999999999994,9.0,0.0,8.2,AU,1603856272.0
307,nouadhibou,20.93,-17.03,73.39999999999992,64.0,0.0,8.2,MR,1603856275.0
308,rio gallegos,-51.62,-69.22,48.19999999999999,36.0,20.0,9.8,AR,1603856275.0
309,naliya,23.27,68.83,81.41000000000003,48.0,0.0,2.69,IN,1603856275.0
310,laguna,38.42,-121.42,58.99999999999994,47.0,1.0,2.27,US,1603856275.0
311,kyra,49.58,111.98,38.17399999999992,63.0,40.0,1.36,RU,1603856276.0
312,traralgon,-38.18,146.53,66.00200000000001,71.0,49.0,1.34,AU,1603856276.0
313,lulea,65.58,22.15,39.19999999999999,100.0,98.0,1.0,SE,1603856276.0
314,turmero,10.22,-67.47,72.10399999999998,82.0,2.0,1.21,VE,1603856276.0
315,havelock,34.88,-76.9,66.19999999999999,88.0,1.0,1.5,US,1603856127.0
316,hofn,64.25,-15.21,40.603999999999985,78.0,100.0,10.67,IS,1603856277.0
317,hornepayne,49.21,-84.77,30.128000000000043,92.0,99.0,5.58,CA,1603856277.0
318,college,64.86,-147.8,28.399999999999977,92.0,90.0,2.1,US,1603856134.0
319,jian,27.12,114.98,74.62399999999997,62.0,29.0,3.85,CN,1603856277.0
320,maltahohe,-24.83,16.98,61.646000000000015,30.0,47.0,0.4,NA,1603856277.0
321,santa rosa,14.31,121.11,93.00200000000001,62.0,40.0,2.6,PH,1603856277.0
322,adre,13.47,22.2,74.20999999999998,26.0,7.0,6.31,TD,1603856278.0
323,atasu,48.68,71.64,30.128000000000043,92.0,100.0,5.23,KZ,1603856278.0
324,nha trang,12.25,109.18,87.80000000000001,89.0,90.0,6.7,VN,1603856278.0
325,nara,34.69,135.8,73.00399999999996,46.0,75.0,1.0,JP,1603856278.0
326,skoghall,59.32,13.47,46.39999999999998,100.0,62.0,5.1,SE,1603856278.0
327,san pedro,14.35,121.02,93.00200000000001,62.0,40.0,2.6,PH,1603856278.0
328,ugoofaaru,5.67,73.0,83.10200000000003,72.0,7.0,2.83,MV,1603856279.0
329,shakawe,-18.37,21.85,68.86399999999998,34.0,0.0,2.51,BW,1603856279.0
330,jalu,29.03,21.55,68.07199999999995,49.0,0.0,4.12,LY,1603856279.0
331,komsomolskiy,40.43,71.72,48.19999999999999,61.0,100.0,1.0,UZ,1603856279.0
333,tomino,41.99,-8.76,60.00799999999998,100.0,40.0,1.0,ES,1603856279.0
334,dingle,11.0,122.67,88.17800000000005,67.0,15.0,0.55,PH,1603856279.0
335,sozimskiy,59.74,52.25,29.87600000000009,96.0,6.0,3.91,RU,1603856280.0
336,maxixe,-23.86,35.35,73.45400000000001,86.0,3.0,3.66,MZ,1603856280.0
337,vao,-22.67,167.48,73.18399999999991,82.0,67.0,8.52,NC,1603856280.0
338,barcelona,41.39,2.16,60.00799999999998,66.0,20.0,5.1,ES,1603855840.0
339,sao felix do xingu,-6.64,-51.99,74.20999999999998,86.0,26.0,0.49,BR,1603856280.0
340,manado,1.49,124.85,89.29400000000004,55.0,100.0,2.49,ID,1603856081.0
341,sokoni,-6.43,39.55,78.87200000000001,78.0,3.0,2.67,TZ,1603856281.0
344,presidente epitacio,-21.76,-52.12,68.97200000000004,59.0,0.0,0.76,BR,1603856281.0
345,inuvik,68.35,-133.72,10.399999999999977,92.0,90.0,1.0,CA,1603856281.0
346,sumbe,-11.21,13.84,75.16400000000004,86.0,89.0,3.6,AO,1603856281.0
347,mayor pablo lagerenza,-19.93,-60.77,74.858,72.0,0.0,2.8,PY,1603856282.0
348,kuytun,54.34,101.5,36.698000000000036,79.0,2.0,5.19,RU,1603856282.0
349,hvide sande,56.0,8.13,48.99199999999996,76.0,76.0,0.89,DK,1603856282.0
350,tateyama,34.98,139.87,69.00799999999998,72.0,75.0,4.1,JP,1603856282.0
352,riverton,40.52,-111.94,33.99799999999999,59.0,1.0,0.49,US,1603856282.0
353,vanimo,-2.67,141.3,83.87600000000003,74.0,45.0,1.34,PG,1603856283.0
354,solaro,44.88,9.17,48.00200000000001,91.0,37.0,1.24,IT,1603856283.0
355,luderitz,-26.65,15.16,55.47200000000004,81.0,0.0,4.36,NA,1603856283.0
356,amapa,1.0,-52.0,74.37200000000001,84.0,23.0,1.46,BR,1603856283.0
357,terrace,54.52,-128.6,46.39999999999998,93.0,90.0,3.6,CA,1603856139.0
358,east highland park,37.58,-77.41,60.99799999999999,93.0,90.0,2.1,US,1603856283.0
360,labuhan,-6.88,112.21,88.64600000000002,58.0,84.0,2.86,ID,1603856284.0
361,gravdal,68.12,13.5,43.50200000000001,71.0,78.0,2.83,NO,1603856284.0
362,puerto escondido,15.85,-97.07,76.99999999999994,73.0,90.0,2.6,MX,1603856284.0
363,xiazhen,34.8,117.11,68.93599999999998,28.0,56.0,3.62,CN,1603856284.0
364,aron,24.38,77.42,79.66400000000004,28.0,0.0,2.17,IN,1603856284.0
365,mildura,-34.2,142.15,73.39999999999992,38.0,40.0,2.6,AU,1603856285.0
366,buala,-8.14,159.59,84.97399999999999,74.0,65.0,3.66,SB,1603856285.0
367,kodiak,57.79,-152.41,42.799999999999955,56.0,90.0,3.11,US,1603856267.0
368,narsaq,60.92,-46.05,30.19999999999999,74.0,100.0,0.5,GL,1603856285.0
369,severomuysk,56.15,113.43,16.123999999999967,89.0,86.0,0.96,RU,1603856285.0
370,tilichiki,60.47,166.1,26.29400000000004,88.0,5.0,4.01,RU,1603856285.0
371,lahaina,20.88,-156.68,82.39999999999992,70.0,90.0,2.6,US,1603856129.0
372,baruun-urt,46.68,113.28,40.837999999999965,55.0,0.0,5.73,MN,1603856286.0
373,tocopilla,-22.09,-70.2,60.20599999999996,58.0,9.0,2.84,CL,1603856286.0
374,sechura,-5.56,-80.82,66.05599999999998,78.0,97.0,5.37,PE,1603856286.0
375,samoded,63.61,40.51,43.97000000000003,93.0,100.0,4.53,RU,1603856286.0
376,saint-pierre,-21.34,55.48,76.99999999999994,53.0,0.0,1.5,RE,1603856286.0
377,takahashi,34.78,133.62,69.00799999999998,72.0,75.0,2.6,JP,1603856287.0
378,chara,56.91,118.26,8.94199999999995,88.0,1.0,0.4,RU,1603856287.0
379,flagstaff,35.2,-111.65,30.19999999999999,23.0,1.0,1.5,US,1603856089.0
380,camargo,27.67,-105.17,47.822,48.0,0.0,10.03,MX,1603856287.0
381,karauli,26.5,77.02,79.7899999999999,20.0,0.0,2.22,IN,1603856287.0
382,mirnyy,62.54,113.96,17.68999999999994,87.0,82.0,2.58,RU,1603856287.0
383,uglegorsk,49.08,142.03,48.379999999999995,58.0,82.0,1.89,RU,1603856288.0
384,dalian,38.91,121.6,60.80000000000001,38.0,0.0,4.0,CN,1603856288.0
385,tuatapere,-46.13,167.68,55.00399999999996,76.0,100.0,5.81,NZ,1603856288.0
386,korop,51.57,32.96,43.50200000000001,68.0,0.0,3.68,UA,1603856288.0
387,svetlyy,54.67,20.13,44.599999999999966,100.0,0.0,3.0,RU,1603856288.0
388,wageningen,51.97,5.67,51.00799999999998,93.0,90.0,4.1,NL,1603856288.0
389,mountain home,43.13,-115.69,46.39999999999998,39.0,1.0,5.1,US,1603856289.0
390,bumba,2.18,22.47,70.7899999999999,96.0,100.0,0.79,CD,1603856289.0
391,santo antonio do ica,-3.1,-67.94,75.82999999999998,94.0,97.0,1.13,BR,1603856289.0
392,paamiut,61.99,-49.67,28.093999999999994,85.0,100.0,7.89,GL,1603856289.0
393,rota,36.62,-6.36,53.599999999999966,87.0,0.0,2.6,ES,1603856289.0
394,mayumba,-3.43,10.66,77.25200000000001,89.0,99.0,4.56,GA,1603856289.0
395,san,13.3,-4.9,74.74999999999994,18.0,100.0,1.88,ML,1603856290.0
396,sorong,-0.88,131.25,84.36199999999991,70.0,75.0,1.28,ID,1603856290.0
397,pombas,17.15,-25.02,78.80000000000001,78.0,75.0,10.8,CV,1603856290.0
399,pareora,-44.49,171.21,58.99999999999994,68.0,64.0,4.02,NZ,1603856290.0
400,moerai,-22.43,-151.33,73.29199999999997,93.0,100.0,1.88,PF,1603856290.0
401,abu kamal,34.45,40.92,64.50799999999998,27.0,0.0,2.6,SY,1603856290.0
402,ca mau,9.18,105.15,86.48600000000005,68.0,100.0,6.83,VN,1603856291.0
403,dukat,62.55,155.55,16.663999999999987,79.0,5.0,1.56,RU,1603856291.0
404,sale,34.04,-6.82,49.99999999999994,93.0,0.0,2.29,MA,1603856291.0
405,namibe,-15.2,12.15,69.31400000000002,85.0,2.0,2.35,AO,1603856291.0
406,mataram,-8.58,116.12,85.02800000000008,68.0,100.0,4.31,ID,1603856291.0
407,paso de carrasco,-34.86,-56.05,60.00799999999998,87.0,75.0,4.6,UY,1603856291.0
408,uyskoye,54.38,60.0,31.081999999999937,91.0,97.0,2.76,RU,1603856292.0
409,turukhansk,65.82,87.98,6.367999999999995,86.0,97.0,8.96,RU,1603856292.0
410,preobrazheniye,42.9,133.91,54.73399999999987,54.0,93.0,2.9,RU,1603856292.0
411,mutis,6.23,-77.4,78.09800000000001,85.0,100.0,1.0,CO,1603856292.0
412,tarazona,41.9,-1.73,46.99400000000003,93.0,62.0,1.5,ES,1603856292.0
413,salalah,17.02,54.09,73.39999999999992,56.0,20.0,1.0,OM,1603856292.0
414,tessalit,20.2,1.01,74.20999999999998,20.0,0.0,2.97,ML,1603856209.0
415,requena,39.49,-1.1,44.00600000000003,80.0,9.0,2.21,ES,1603856293.0
416,pandan,14.05,124.17,86.108,64.0,21.0,1.75,PH,1603856293.0
417,banda aceh,5.56,95.32,86.5399999999999,59.0,88.0,6.3,ID,1603856293.0
418,port blair,11.67,92.75,84.09199999999993,69.0,96.0,1.66,IN,1603856293.0
419,ponta do sol,32.67,-17.1,66.19999999999999,68.0,75.0,2.1,PT,1603856293.0
420,tigil,57.8,158.67,41.738,66.0,35.0,1.24,RU,1603856294.0
421,saldanha,-33.01,17.94,58.99999999999994,87.0,100.0,1.5,ZA,1603856294.0
422,hobyo,5.35,48.53,79.97000000000008,75.0,4.0,2.85,SO,1603856294.0
424,kavieng,-2.57,150.8,85.04599999999999,66.0,58.0,2.46,PG,1603856287.0
426,nainpur,22.43,80.12,78.80000000000001,51.0,0.0,1.15,IN,1603856294.0
427,najran,17.49,44.13,53.599999999999966,30.0,0.0,0.23,SA,1603856295.0
428,northam,51.03,-4.22,51.99799999999999,83.0,81.0,5.81,GB,1603856295.0
429,sarh,9.14,18.39,75.19999999999999,88.0,0.0,0.96,TD,1603856295.0
430,rincon,32.3,-81.24,75.19999999999999,83.0,90.0,2.6,US,1603856295.0
431,muriwai beach,-36.82,174.45,66.00200000000001,76.0,81.0,1.79,NZ,1603856295.0
432,ancud,-41.87,-73.82,46.99400000000003,93.0,40.0,1.5,CL,1603856295.0
434,montepuez,-13.13,39.0,70.62799999999999,85.0,11.0,0.8,MZ,1603856296.0
435,wattegama,6.8,81.48,88.66400000000004,58.0,20.0,0.28,LK,1603856296.0
436,luanda,-8.84,13.23,75.19999999999999,94.0,75.0,1.0,AO,1603856124.0
437,saint anthony,45.02,-93.22,33.00799999999998,91.0,90.0,5.1,US,1603856296.0
438,blackwater,-23.58,148.88,81.536,47.0,30.0,5.27,AU,1603856296.0
439,jasper,37.2,-94.35,33.799999999999955,86.0,90.0,4.1,US,1603856296.0
440,kapit,2.02,112.93,96.99799999999999,41.0,50.0,0.43,MY,1603856297.0
442,roald,62.58,6.13,46.39999999999998,75.0,85.0,2.6,NO,1603856297.0
443,gigmoto,13.78,124.39,84.88399999999984,71.0,47.0,1.28,PH,1603856297.0
444,kjollefjord,70.95,27.35,38.641999999999996,78.0,100.0,4.69,NO,1603856297.0
445,uinskoye,56.88,56.58,29.894000000000005,91.0,71.0,4.59,RU,1603856297.0
446,flinders,-34.58,150.86,69.99799999999999,69.0,97.0,2.24,AU,1603856298.0
447,namatanai,-3.67,152.43,87.06199999999995,62.0,28.0,0.58,PG,1603856298.0
448,rumoi,43.93,141.64,42.799999999999955,93.0,75.0,0.5,JP,1603856298.0
449,pervoye maya,56.16,44.72,33.799999999999955,86.0,0.0,5.0,RU,1603856298.0
450,los llanos de aridane,28.66,-17.92,69.80000000000001,64.0,90.0,3.6,ES,1603856298.0
452,walvis bay,-22.96,14.51,57.99200000000002,82.0,100.0,1.5,NA,1603856299.0
453,kampene,-3.6,26.67,67.63999999999993,95.0,77.0,0.81,CD,1603856299.0
454,matay,28.42,30.78,65.58800000000002,82.0,1.0,4.91,EG,1603856299.0
455,bukachacha,52.98,116.92,29.894000000000005,78.0,52.0,0.97,RU,1603856299.0
456,nortelandia,-14.45,-56.8,74.46199999999993,91.0,100.0,1.78,BR,1603856299.0
457,vaitape,-16.52,-151.75,80.59999999999997,80.0,99.0,8.11,PF,1603856299.0
458,shu,43.6,73.76,35.00600000000003,91.0,55.0,1.89,KZ,1603856300.0
459,anadyr,64.75,177.48,15.799999999999955,92.0,0.0,2.0,RU,1603856300.0
460,pimenteiras,-6.25,-41.42,73.0399999999999,88.0,70.0,1.25,BR,1603856163.0
461,tongliao,43.61,122.27,46.25600000000003,41.0,0.0,6.18,CN,1603856300.0
462,yar-sale,66.83,70.83,2.4979999999999905,92.0,0.0,3.23,RU,1603856300.0
463,syracuse,37.09,15.28,57.99200000000002,76.0,0.0,5.1,IT,1603856300.0
464,binzhou,37.37,118.02,66.99200000000002,37.0,95.0,0.45,CN,1603856301.0
465,xining,36.62,101.77,41.21599999999995,64.0,0.0,0.84,CN,1603856301.0
466,biak,-0.91,122.88,85.72999999999996,61.0,89.0,2.94,ID,1603856301.0
467,bonthe,7.53,-12.51,78.29599999999999,83.0,99.0,1.76,SL,1603856301.0
468,viedma,-40.81,-63.0,53.92399999999992,40.0,2.0,3.15,AR,1603856301.0
469,fort saint james,54.43,-124.25,36.644000000000005,88.0,100.0,1.0,CA,1603856301.0
470,egvekinot,66.32,-179.17,16.610000000000014,92.0,34.0,2.8,RU,1603856301.0
471,ust-uda,54.17,103.03,38.641999999999996,73.0,40.0,2.98,RU,1603856302.0
472,kedrovyy,56.17,91.82,39.19999999999999,80.0,0.0,2.0,RU,1603856302.0
473,bagojo,25.87,-109.12,66.99200000000002,51.0,0.0,2.68,MX,1603856302.0
474,atambua,-9.11,124.89,86.34199999999993,56.0,99.0,0.93,ID,1603856302.0
475,constitucion,-35.33,-72.42,48.811999999999955,83.0,19.0,1.29,CL,1603856297.0
477,porto novo,6.5,2.6,76.892,87.0,33.0,1.37,BJ,1603856303.0
478,tefe,-3.35,-64.71,75.61399999999998,89.0,64.0,0.71,BR,1603856303.0
479,kasongo-lunda,-6.47,16.82,69.99799999999999,94.0,100.0,0.76,CD,1603856303.0
480,kirakira,-10.45,161.92,84.18199999999996,75.0,70.0,4.91,SB,1603856303.0
481,novaya igirma,57.13,103.91,36.08600000000001,84.0,93.0,1.65,RU,1603856303.0
482,sobolevo,54.43,31.9,41.88199999999995,87.0,0.0,4.5,RU,1603856303.0
483,luyang,27.62,110.1,63.98600000000005,65.0,97.0,2.49,CN,1603856304.0
484,barra patuca,15.8,-84.28,79.50200000000001,85.0,100.0,2.97,HN,1603856304.0
486,piacabucu,-10.41,-36.43,75.88399999999984,87.0,98.0,5.39,BR,1603856304.0
487,kampot,10.62,104.18,85.99999999999994,70.0,40.0,7.7,KH,1603856304.0
488,coahuayana,18.73,-103.68,77.89999999999992,89.0,77.0,0.59,MX,1603856304.0
489,bud,39.45,-86.18,44.99599999999998,100.0,90.0,1.19,US,1603856304.0
491,gat,31.61,34.76,73.00399999999996,100.0,66.0,1.14,IL,1603856305.0
492,vestmannaeyjar,63.44,-20.27,41.702,68.0,61.0,9.53,IS,1603856305.0
493,port macquarie,-31.43,152.92,69.99799999999999,72.0,90.0,5.7,AU,1603856305.0
494,nurota,40.56,65.69,37.39999999999998,55.0,0.0,6.2,UZ,1603856305.0
495,tapah,4.2,101.26,89.74399999999997,55.0,54.0,1.64,MY,1603856305.0
497,bandarbeyla,9.49,50.81,76.69400000000002,73.0,5.0,1.82,SO,1603856306.0
498,saint marys,30.73,-81.55,78.99799999999999,88.0,97.0,1.79,US,1603856285.0
499,taree,-31.9,152.47,67.99999999999994,72.0,90.0,5.7,AU,1603856270.0
500,santiago del estero,-27.8,-64.26,71.72600000000006,47.0,0.0,3.69,AR,1603856306.0
501,sur,22.57,59.53,77.72000000000008,53.0,0.0,1.27,OM,1603856306.0
502,sola,-13.88,167.55,80.65399999999994,76.0,4.0,7.07,VU,1603856307.0
503,sorland,67.67,12.69,46.670000000000016,68.0,100.0,2.4,NO,1603856307.0
504,plunge,55.91,21.84,53.599999999999966,76.0,75.0,4.1,LT,1603856307.0
505,safaga,26.73,33.94,73.39999999999992,53.0,0.0,4.1,EG,1603856307.0
506,olafsvik,64.89,-23.71,39.452,71.0,100.0,8.83,IS,1603856307.0
507,kasane,-17.82,25.15,69.13399999999984,41.0,0.0,3.06,BW,1603856307.0
508,mayo,38.89,-76.51,60.80000000000001,87.0,90.0,1.3,US,1603856308.0
509,kirensk,57.79,108.11,30.956000000000017,95.0,94.0,1.45,RU,1603856308.0
510,kodinsk,58.69,99.18,30.091999999999985,96.0,100.0,3.33,RU,1603856308.0
512,libenge,3.65,18.63,69.43999999999988,95.0,79.0,0.54,CD,1603856308.0
513,kualakapuas,-3.01,114.39,91.65199999999999,52.0,100.0,1.41,ID,1603856308.0
514,aklavik,68.22,-135.01,10.399999999999977,92.0,90.0,1.0,CA,1603856308.0
515,peabiru,-23.91,-52.34,69.80000000000001,60.0,0.0,2.6,BR,1603856309.0
516,el alto,-4.27,-81.21,64.20200000000006,86.0,100.0,6.59,PE,1603856309.0
518,menomonie,44.88,-91.92,31.999999999999943,63.0,40.0,5.1,US,1603856244.0
519,loa janan,-0.58,117.09,94.51399999999995,48.0,82.0,1.11,ID,1603856309.0
520,darhan,49.49,105.92,41.918000000000006,60.0,2.0,3.48,MN,1603856309.0
521,inirida,3.87,-67.92,74.38999999999993,96.0,100.0,1.05,CO,1603856310.0
522,antalaha,-14.9,50.28,75.72200000000004,71.0,1.0,2.33,MG,1603856310.0
523,la rioja,42.25,-2.5,49.99999999999994,93.0,20.0,2.14,ES,1603856146.0
524,ballina,-28.87,153.57,75.99200000000002,78.0,90.0,5.7,AU,1603856310.0
525,shiyan,32.65,110.78,59.30599999999998,66.0,100.0,0.74,CN,1603856310.0
526,wajima,37.4,136.9,60.80000000000001,63.0,0.0,1.5,JP,1603856310.0
527,phangnga,8.45,98.53,84.19999999999999,79.0,75.0,5.1,TH,1603856311.0
528,byron bay,-28.65,153.62,75.99200000000002,78.0,90.0,5.7,AU,1603855837.0
530,khani,41.96,42.96,64.39999999999992,52.0,0.0,11.8,GE,1603856311.0
531,bahawalpur,29.4,71.68,83.40799999999996,14.0,0.0,3.92,PK,1603856183.0
532,shingu,33.73,135.98,67.99999999999994,60.0,75.0,1.5,JP,1603856311.0
533,abu dhabi,24.47,54.37,73.39999999999992,73.0,0.0,0.5,AE,1603856242.0
534,anqiu,36.43,119.19,63.80599999999998,32.0,63.0,2.79,CN,1603856312.0
535,mount gambier,-37.83,140.77,66.19999999999999,52.0,75.0,1.5,AU,1603856312.0
536,honningsvag,70.98,25.97,42.70999999999998,73.0,98.0,4.76,NO,1603856312.0
537,hat yai,7.01,100.48,85.99999999999994,74.0,40.0,1.0,TH,1603856312.0
538,christchurch,-43.53,172.63,57.99200000000002,62.0,57.0,7.7,NZ,1603856256.0
539,juba,4.85,31.58,72.87799999999999,87.0,58.0,0.8,SS,1603856312.0
540,isoka,-10.16,32.63,62.78000000000003,74.0,0.0,1.04,ZM,1603856313.0
541,batticaloa,7.71,81.69,84.23600000000005,61.0,0.0,2.63,LK,1603856313.0
542,osa,57.28,55.46,29.641999999999996,92.0,47.0,2.9,RU,1603856313.0
543,yamada,39.47,141.95,58.495999999999924,58.0,6.0,2.9,JP,1603856313.0
544,xichang,27.9,102.26,66.99200000000002,68.0,83.0,1.09,CN,1603856313.0
545,garowe,8.41,48.48,74.62399999999997,57.0,47.0,2.28,SO,1603856313.0
546,cap malheureux,-19.98,57.61,75.00200000000001,75.0,1.0,1.34,MU,1603856313.0
547,gitega,-3.5,29.95,64.34599999999995,83.0,100.0,0.64,BI,1603856314.0
548,upata,8.01,-62.4,78.00799999999998,90.0,47.0,1.34,VE,1603856087.0
549,yeppoon,-23.13,150.73,84.19999999999999,54.0,40.0,8.2,AU,1603856314.0
550,moissala,8.34,17.77,71.762,86.0,0.0,1.22,TD,1603856314.0
551,mackay,-21.15,149.2,85.99999999999994,58.0,25.0,6.7,AU,1603856314.0
552,karatau,43.17,70.47,37.273999999999944,65.0,0.0,0.53,KZ,1603856314.0
553,akyab,20.15,92.9,84.27199999999999,72.0,36.0,2.03,MM,1603856315.0
554,illela,13.73,5.3,77.34199999999993,18.0,0.0,3.96,NG,1603856315.0
555,ostrovnoy,68.05,39.51,42.49400000000003,86.0,100.0,8.24,RU,1603856315.0
556,atar,20.52,-13.05,80.02399999999994,25.0,18.0,4.48,MR,1603856315.0
557,pointe michel,15.25,-61.38,80.94199999999995,78.0,77.0,4.41,DM,1603856315.0
558,geraldton,-28.77,114.6,75.19999999999999,47.0,0.0,8.7,AU,1603856315.0
559,loubomo,-4.2,12.67,72.28399999999993,94.0,100.0,1.1,CG,1603856316.0
560,fukue,32.69,128.84,69.80000000000001,64.0,0.0,3.1,JP,1603856316.0
561,wadi musa,30.32,35.48,56.93000000000001,57.0,0.0,0.96,JO,1603856316.0
562,ola,59.58,151.28,35.29400000000004,72.0,0.0,1.77,RU,1603856316.0
563,harer,9.31,42.13,58.910000000000025,41.0,88.0,0.21,ET,1603856316.0
564,beyla,8.68,-8.63,67.18999999999988,75.0,52.0,0.79,GN,1603856316.0
565,ejura,7.39,-1.36,72.464,90.0,90.0,1.53,GH,1603856317.0
566,bodmin,50.47,-4.72,49.99999999999994,81.0,80.0,6.7,GB,1603856317.0
567,malinyi,-8.93,36.13,73.50799999999998,75.0,42.0,1.64,TZ,1603856317.0
568,neiafu,-18.65,-173.98,78.80000000000001,69.0,75.0,5.1,TO,1603856317.0
569,morondava,-20.28,44.28,76.63999999999993,53.0,0.0,1.16,MG,1603856317.0
570,yakeshi,49.28,120.73,29.87600000000009,85.0,0.0,5.42,CN,1603856317.0
571,codrington,-38.27,141.97,63.98600000000005,73.0,72.0,2.84,AU,1603856317.0
572,rocha,-34.48,-54.33,59.23399999999987,95.0,99.0,3.31,UY,1603856318.0
573,sao joao da barra,-21.64,-41.05,73.97600000000006,93.0,87.0,4.95,BR,1603856318.0
574,champerico,14.3,-91.92,64.99399999999997,99.0,72.0,3.9,GT,1603856318.0
575,vostok,46.49,135.88,33.97999999999996,100.0,100.0,0.85,RU,1603856318.0
576,buchanan,5.88,-10.05,77.77399999999994,84.0,71.0,1.98,LR,1603856318.0
577,tourcoing,50.72,3.15,51.799999999999955,87.0,91.0,5.7,FR,1603856318.0
579,guaraniacu,-25.1,-52.88,55.12999999999994,75.0,0.0,0.4,BR,1603856319.0
